station,y_mm,type,chord_mm,cl,cd,cm,xtr_upper,xtr_lower,sep_upper,reat_upper,sep_lower,reat_lower,yplus_mean,yplus_max
S00_y0000.0mm_peak,0,peak,306,0.935219,0.0612004,-0.273216,0.90355,0.259741,0.81692,0.880455,0.0113167,0.0306385,0.288526,1.25005
S01_y0062.5mm_trough,62.5,trough,294,0.968663,0.0414531,-0.268739,0.397422,0.0347607,0.305079,0.391849,0.00891407,0.0163531,0.305836,1.212
S02_y0125.0mm_peak,125,peak,306,0.936266,0.0618189,-0.274134,0.886778,0.258652,0.799458,0.912382,0.0112807,0.0693154,0.28459,1.24978
S03_y0187.5mm_trough,187.5,trough,294,0.954578,0.038995,-0.26017,0.430013,0.039473,0.312158,0.480923,0.00891407,0.0137669,0.303529,1.21041
S04_y0250.0mm_peak,250,peak,306,0.929089,0.0650281,-0.275064,0.890591,0.226893,0.793512,0.920751,0.0112807,0.0306031,0.292401,1.25683
S05_y0312.5mm_trough,312.5,trough,294,0.961835,0.0426445,-0.26786,0.41402,0.03295,0.305079,0.362544,0.00669895,0.0163531,0.309029,1.1994
S06_y0375.0mm_peak,375,peak,306,0.909079,0.0626032,-0.269161,0.897054,0.226399,0.81116,0.912382,0.0112807,0.0733156,0.286296,1.26888
S07_y0437.5mm_trough,437.5,trough,294,0.94293,0.0444299,-0.266091,0.399332,0.034998,0.305079,0.369841,0.00669895,0.0137669,0.316302,1.23753
S08_y0500.0mm_peak,500,peak,306,0.890161,0.067737,-0.272644,0.91009,0.241132,0.81116,0.870604,0.0112807,0.0190294,0.298408,1.29452
S09_y0562.5mm_trough,562.5,trough,294,0.9253,0.0530904,-0.27837,0.445924,0.0278821,0.312158,0.369841,0.00669895,0.0246433,0.316648,1.2333
S10_y0625.0mm_peak,625,peak,306,0.847587,0.0681711,-0.269491,0.905468,0.262133,0.8226,0.920751,0.0112807,0.0190294,0.290712,1.32392
S11_y0687.5mm_trough,687.5,trough,294,0.864143,0.0596058,-0.262784,0.440628,0.0145784,0.312158,0.384495,0.00669895,0.0163531,0.318615,1.17944
S12_y0750.0mm_peak,750,peak,306,0.791982,0.072896,-0.263481,0.916784,0.153865,0.816913,0.894628,0.00891406,0.0275802,0.283115,1.3241
S13_y0812.5mm_trough,812.5,trough,294,0.760903,0.0674729,-0.250586,0.433804,0.0177659,0.312158,0.384495,0.00669895,0.0163531,0.318175,1.19967
S14_y0875.0mm_peak,875,peak,306,0.670191,0.0802317,-0.244765,0.891985,0.0534287,0.860449,,0.00891406,0.0217929,0.305717,1.33618
S15_y0937.5mm_trough,937.5,trough,294,0.678951,0.0890498,-0.252092,0.974791,0.0185554,0.340788,0.547768,0.00669895,0.0217929,0.302524,1.17193
S16_y1000.0mm_peak,1000,peak,306,0.719834,0.155789,-0.31551,0.496826,0.0354904,0.924807,,0.00895024,0.0190652,0.368388,1.40789
